<?xml version="1.0" encoding="UTF-8"?>
<cbxml version="1" xmlns:xsi="http://www.w3.org/2001/XMLSchema-instance" xsi:noNamespaceSchemaLocation="file:../../../../validation/ahawow.xsd">
	<views>
		<view name="editlist" type="params" ui="admin">
			<fieldset label="Search Settings" description="Users-lists can be searchable by multiple criteria, according to settings below, and the 'searchable' attribute of the listed fields.">
				<param name="list_search" type="list" default="1" label="Searchable fields" description="Whether this list has user-searchable fields">
					<option value="0">No</option>
					<option value="1">Searchable fields, displayed ones only</option>
					<option value="2">All searchable fields</option>
					<option value="3">Specific searchable fields</option>
				</param>
				<if name="list_search" type="showhide" operator="=" value="3" valuetype="const:int">
					<param name="list_search_fields" type="multifield" searchable="true" size="6" default="" label="Fields to search" description="Select the searchable fields to display for searching." />
				</if>
				<if name="list_search" type="showhide" operator="&gt;" value="0" valuetype="const:int">
					<param name="list_compare_types" type="list" default="0" label="Search crieteria" description="If users should be able to choose the type of comparison to be made (only standard 'is' and ranges can be optimized in mysql with proper indexes).">
						<option value="0">Simple Exact match: Only 'is' and ranges</option>
						<option value="2">Simple Any word match: Only 'any of' and ranges (WARNING: can be slow)</option>
						<option value="1">Advanced: all possibilities (WARNING: can be slow)</option>
					</param>
					<param name="list_search_empty" type="yesno" default="0" label="Hide Empty Searches" description="Whether a list should hide the results of an empty search. This will result in List All and no search criteria results hiding the results and showing the search criteria only." />
					<param name="list_search_collapse" type="yesno" default="0" label="Collapse Search Criteria" description="Whether a list should collapse the search criteria after making a search. This will result in the criteria being hidden after each search and can be expanded again by clicking Search Users." />
				</if>
			</fieldset>
			<fieldset label="Display Settings" description="">
				<param name="list_show_selector" type="yesno" default="1" label="Show List Selector" description="Whether this list shows userlist selector or not. Default is yes." />
				<param name="list_show_blocked" type="yesno" default="0" label="Show Blocked" description="Whether this list shows blocked users or not. Note only moderators can access these users profile. Default is no." />
				<param name="list_show_banned" type="yesno" default="1" label="Show Banned" description="Whether this list shows banned users or not. Note only moderators can access these users profile. Default is yes." />
				<param name="list_show_unapproved" type="yesno" default="0" label="Show Unapproved" description="Whether this list shows unapproved users or not. Note only moderators can access these users profile. Default is no." />
				<param name="list_show_unconfirmed" type="yesno" default="0" label="Show Unconfirmed" description="Whether this list shows unconfirmed users or not. Note only moderators can access these users profile. Default is no." />
				<param name="list_grid_layout" type="yesno" default="0" label="Use Grid Layout" description="Whether this list should show as a grid of users or a list of users. Note this only works for div based output. Default is no." />
				<if name="list_grid_layout" type="showhide" operator="=" value="1" valuetype="const:int">
					<param name="list_grid_height" type="text" size="12" default="200" label="Grid Height" description="The height of a users grid box. If left blank none will be applied and pure CSS solutions can be used." />
					<param name="list_grid_width" type="text" size="12" default="200" label="Grid Width" description="The width of a users grid box. If left blank none will be applied and pure CSS solutions can be used." />
				</if>
			</fieldset>
			<fieldset label="Paging Settings" description="">
				<param name="list_limit" type="text" size="12" default="30" label="Number of entries per page" description="Number of users appearing per page. Leave empty for no limit. Default is 30." />
				<param name="list_paging" type="yesno" default="1" label="Show pagination" description="Whether this list shows links for paging or just displays entries from first page. Default is yes." />
			</fieldset>
			<fieldset label="General Settings" description="">
				<param name="allow_profilelink" type="yesno" default="1" label="Allow Link to Profile" description="Select 'Yes' to allow each row to link to the related users profile and 'No' to prevent profile links on lists. Default is yes." />
				<if name="allow_profilelink" type="showhide" operator="=" value="1" valuetype="const:int">
					<param name="hotlink_protection" type="yesno" default="0" label="Hot-linking protection for this users-list" description="Whether you want the links to the pages and searches in this list to not be permanent (we add a parameter which is valid for a few hours to all urls except first page and check it), so that except first page it's not hotlinkable and there are no permanent links on paging and on search criteria. Default is NO." />
					<if name="hotlink_protection" type="showhide" operator="&gt;" value="0" valuetype="const:int">
						<fieldset name="hotlink_warning_fieldset" label="WARNING" description="" class="alert alert-danger">
							<param name="hotlink_warning" type="spacer" label="WARNING" default="Setting hot-linking protection to 'Yes' will prevent all pages from this list (if everybody has allowed access to it), except first page of list, to be bookmarkable and indexable by slow-pace search bots and search engines such as google, making the user profiles not indexed in search engines (if they are publicly accessible). This may be desirable in some cases, but removes all users-pages from the search-engines indexing, except for the users of the first page." description="" />
						</fieldset>
					</if>
				</if>
			</fieldset>
		</view>
	</views>
</cbxml>
